"sourceIndex","originalName","storedName","sourceUrl","bytes","manifestSha256","actualSha256","disposition","canonicalStoredName","sideEffects"
"1","Chapman_Taylor_Majan_Commercial_Proposal_2026-09-21.pdf","local-assets/chapman-taylor/Chapman_Taylor_Majan_Commercial_Proposal_2026-09-21.pdf","","701030","85332cd5f6a6d07e6899d14505a4a1b9da9fbc87a5422da6bddd6826597d6e27","85332cd5f6a6d07e6899d14505a4a1b9da9fbc87a5422da6bddd6826597d6e27","upload_unique_to_staging","local-assets/chapman-taylor/Chapman_Taylor_Majan_Commercial_Proposal_2026-09-21.pdf","none"
"2","Chapman_Taylor_Majan_Technical_Proposal_Screen_2026-09-21.pdf","local-assets/chapman-taylor/Chapman_Taylor_Majan_Technical_Proposal_Screen_2026-09-21.pdf","","19309852","f90606e7611ebd1b356ee21f22b5d20f445ded7075ffaf670188e63a86f0f811","f90606e7611ebd1b356ee21f22b5d20f445ded7075ffaf670188e63a86f0f811","upload_unique_to_staging","local-assets/chapman-taylor/Chapman_Taylor_Majan_Technical_Proposal_Screen_2026-09-21.pdf","none"
"3","COMO_MDL_Rev04_Comparison_AR_Corrected.md","local-assets/COMO_MDL_Rev04_Comparison_AR_Corrected.md","","18500","a2f74496fccc03ea42987136295bfa4fbe158123bc84c8cb0450de4197237b11","a2f74496fccc03ea42987136295bfa4fbe158123bc84c8cb0450de4197237b11","upload_unique_to_staging","local-assets/COMO_MDL_Rev04_Comparison_AR_Corrected.md","none"
"4","COMO_MDL_Rev04_Comparison_AR.md","local-assets/COMO_MDL_Rev04_Comparison_AR.md","","16451","c9837d2d4467fb866c8538f410689e56e490d2336bb2a8f0bbc27f72861cfa59","c9837d2d4467fb866c8538f410689e56e490d2336bb2a8f0bbc27f72861cfa59","upload_unique_to_staging","local-assets/COMO_MDL_Rev04_Comparison_AR.md","none"
"5","como-icon-source-2026.png","local-assets/como-icon-source-2026.png","","2600192","81b89f4fd1f2a2083129de6864f191b6c8ea674e3b8c8fc151f4fa8ce2821e7e","81b89f4fd1f2a2083129de6864f191b6c8ea674e3b8c8fc151f4fa8ce2821e7e","upload_unique_to_staging","local-assets/como-icon-source-2026.png","none"
"6","Design_International_Colliers_Meeting_Brief_AR_EN.md","local-assets/Design_International_Colliers_Meeting_Brief_AR_EN.md","","22598","15c4733e7c16ca13c9a37cb7d867e0480563b629618c23f899362211f24575ef","15c4733e7c16ca13c9a37cb7d867e0480563b629618c23f899362211f24575ef","upload_unique_to_staging","local-assets/Design_International_Colliers_Meeting_Brief_AR_EN.md","none"
"7","MDL_Meeting_Talking_Points_Arabic.md","local-assets/MDL_Meeting_Talking_Points_Arabic.md","","15590","eedc6808e63ebdb727a83a6029bb284e9e7d41fce174a9a92002310a1fb660c2","eedc6808e63ebdb727a83a6029bb284e9e7d41fce174a9a92002310a1fb660c2","upload_unique_to_staging","local-assets/MDL_Meeting_Talking_Points_Arabic.md","none"
"8","MDL_Proposal_Review_Arabic.md","local-assets/MDL_Proposal_Review_Arabic.md","","17682","ba0fb1023772511b6ce069c6f0275f7152d921e339b1e603823193c489add0d5","ba0fb1023772511b6ce069c6f0275f7152d921e339b1e603823193c489add0d5","upload_unique_to_staging","local-assets/MDL_Proposal_Review_Arabic.md","none"
"9","Sara_LiveAvatar_Final_1080x1920.jpg","local-assets/sara/Sara_LiveAvatar_Final_1080x1920.jpg","","701006","0e787f50303f5522fcd9f777abeee475dc3ca8f111ace37c4977f5a6ec5df22b","0e787f50303f5522fcd9f777abeee475dc3ca8f111ace37c4977f5a6ec5df22b","upload_unique_to_staging","local-assets/sara/Sara_LiveAvatar_Final_1080x1920.jpg","none"
"10","Sara_LiveAvatar_Smiling_1080x1920.png","local-assets/sara/Sara_LiveAvatar_Smiling_1080x1920.png","","4814894","5256847d26be0e0de1f8770366c27a79d51954990a4be735639e0133f18a7bee","5256847d26be0e0de1f8770366c27a79d51954990a4be735639e0133f18a7bee","upload_unique_to_staging","local-assets/sara/Sara_LiveAvatar_Smiling_1080x1920.png","none"
"11","sara-approved-portrait-9x16.png","local-assets/sara/sara-approved-portrait-9x16.png","","4809347","e3b0faecf5d6217a9b96e87dd61a08aa7e3d8b92b86df76b7007a6e0556364d6","e3b0faecf5d6217a9b96e87dd61a08aa7e3d8b92b86df76b7007a6e0556364d6","upload_unique_to_staging","local-assets/sara/sara-approved-portrait-9x16.png","none"
"12","sara-candidate-a.png","local-assets/sara/sara-candidate-a.png","","4733446","8338ba2af15c650109ff70f09332385861aedc45446b5d7a8dd6da76fbb0d675","8338ba2af15c650109ff70f09332385861aedc45446b5d7a8dd6da76fbb0d675","upload_unique_to_staging","local-assets/sara/sara-candidate-a.png","none"
"13","sara-candidate-b.png","local-assets/sara/sara-candidate-b.png","","5109932","84945aec7ae34c9e504dc6e2a767883afcd3adf885bcd4eff2e6fd4bb58efa7f","84945aec7ae34c9e504dc6e2a767883afcd3adf885bcd4eff2e6fd4bb58efa7f","upload_unique_to_staging","local-assets/sara/sara-candidate-b.png","none"
"14","sara-candidate-c.png","local-assets/sara/sara-candidate-c.png","","5231427","8e6f75a037b683f0187710eead30ec83438239d55f713fac7c4eea45e24f5a68","8e6f75a037b683f0187710eead30ec83438239d55f713fac7c4eea45e24f5a68","upload_unique_to_staging","local-assets/sara/sara-candidate-c.png","none"
"15","sara-elevenlabs-arabic-welcome.mp3","local-assets/sara/sara-elevenlabs-arabic-welcome.mp3","","198156","d19da90dd50b20cd9fc83d76e5a44837d2fae883dc80f1995f2f613f13501b8c","d19da90dd50b20cd9fc83d76e5a44837d2fae883dc80f1995f2f613f13501b8c","upload_unique_to_staging","local-assets/sara/sara-elevenlabs-arabic-welcome.mp3","none"
"16","sara-idle-720p.mp4","local-assets/sara/sara-idle-720p.mp4","","1963109","e161fb58fc2eca3b2e347f37a59c19a0a0b6cf4f2a8a26d06a9b6cec5e1af64b","e161fb58fc2eca3b2e347f37a59c19a0a0b6cf4f2a8a26d06a9b6cec5e1af64b","upload_unique_to_staging","local-assets/sara/sara-idle-720p.mp4","none"
"17","sara-lebanese-yasmine-sample.mp3","local-assets/sara/sara-lebanese-yasmine-sample.mp3","","223234","75d415511351929e3ee201dd2e10e2d4005b04fc809d324308cf344f01b54c39","75d415511351929e3ee201dd2e10e2d4005b04fc809d324308cf344f01b54c39","upload_unique_to_staging","local-assets/sara/sara-lebanese-yasmine-sample.mp3","none"
"18","sara-shami-ghaida-sample.mp3","local-assets/sara/sara-shami-ghaida-sample.mp3","","330231","954c5a3705d660f384503ae327efa09c30f420689db6c425388e1b46e4c202b4","954c5a3705d660f384503ae327efa09c30f420689db6c425388e1b46e4c202b4","upload_unique_to_staging","local-assets/sara/sara-shami-ghaida-sample.mp3","none"
"19","sara-voice-despina.wav","local-assets/sara/sara-voice-despina.wav","","779564","3d78818b1bd4570380d5e11caee00c9186e516bfa3799a21a1f0e413807d4087","3d78818b1bd4570380d5e11caee00c9186e516bfa3799a21a1f0e413807d4087","upload_unique_to_staging","local-assets/sara/sara-voice-despina.wav","none"
"20","sara-voice-gacrux.wav","local-assets/sara/sara-voice-gacrux.wav","","714284","b838e3a504360f94938557722c1834e7e489055a5e154f7661de0633703ab86d","b838e3a504360f94938557722c1834e7e489055a5e154f7661de0633703ab86d","upload_unique_to_staging","local-assets/sara/sara-voice-gacrux.wav","none"
"21","sara-voice-sulafat.wav","local-assets/sara/sara-voice-sulafat.wav","","745004","583d80510d9735ef5cd7f3a0bb60e38a7c369b0b1202f317bfc1e9fee9b3b6d7","583d80510d9735ef5cd7f3a0bb60e38a7c369b0b1202f317bfc1e9fee9b3b6d7","upload_unique_to_staging","local-assets/sara/sara-voice-sulafat.wav","none"
"22","{key} paths served via 307 redirect","","https://comofollowup-ngbxwvy8.manus.space/manus-storage/{key} paths served via 307 redirect","0","","","reference_only","","none"
"23","*","","https://comofollowup-ngbxwvy8.manus.space/manus-storage/*","0","","","reference_only","","none"
"24","${key}` }","","https://comofollowup-ngbxwvy8.manus.space/manus-storage/${key}` }","0","","","reference_only","","none"
"25","contract.pdf","","https://comofollowup-ngbxwvy8.manus.space/manus-storage/contract.pdf","0","","","reference_only","","none"
"26","evening.pcm","","https://comofollowup-ngbxwvy8.manus.space/manus-storage/sara-briefings/evening.pcm","0","","","reference_only","","none"
"27","no-updates.pcm","","https://comofollowup-ngbxwvy8.manus.space/manus-storage/sara-briefings/no-updates.pcm","0","","","reference_only","","none"
"28","old-updates.pcm","","https://comofollowup-ngbxwvy8.manus.space/manus-storage/sara-briefings/old-updates.pcm","0","","","reference_only","","none"
"29","930001-comprehensive-d85cc5e444030a2b8efbeb293564f880_5736aed9.pcm","referenced-files/003f9604acca_930001-comprehensive-d85cc5e444030a2b8efbeb293564f880_5736aed9.pcm","https://comofollowup-ngbxwvy8.manus.space/manus-storage/sara-briefings/930001-comprehensive-d85cc5e444030a2b8efbeb293564f880_5736aed9.pcm","12382738","003f9604accaa48bb543a8069a5ffa93eec6b25387258622b40fb56c8d583cab","003f9604accaa48bb543a8069a5ffa93eec6b25387258622b40fb56c8d583cab","upload_unique_to_staging","referenced-files/003f9604acca_930001-comprehensive-d85cc5e444030a2b8efbeb293564f880_5736aed9.pcm","none"
"30","ECCE_Office_Visit_Executive_Speaking_Sheet_2026-09-16_3f38e9d1.md","referenced-files/00fcdd1e733d_ECCE_Office_Visit_Executive_Speaking_Sheet_2026-09-16_3f38e9d1.md","https://comofollowup-ngbxwvy8.manus.space/manus-storage/ECCE_Office_Visit_Executive_Speaking_Sheet_2026-09-16_3f38e9d1.md","10539","00fcdd1e733dd70f362f27229bfb4bff0080cc26f181575aeb8fffd8923197c3","00fcdd1e733dd70f362f27229bfb4bff0080cc26f181575aeb8fffd8923197c3","upload_unique_to_staging","referenced-files/00fcdd1e733d_ECCE_Office_Visit_Executive_Speaking_Sheet_2026-09-16_3f38e9d1.md","none"
"31","1560001-updates_only-f1d4003043f3078634713869acc2d591_4976c776.pcm","referenced-files/0579bd185c34_1560001-updates_only-f1d4003043f3078634713869acc2d591_4976c776.pcm","https://comofollowup-ngbxwvy8.manus.space/manus-storage/sara-briefings/1560001-updates_only-f1d4003043f3078634713869acc2d591_4976c776.pcm","5126966","0579bd185c343e1972e0e454c0a4bb0b1d0fd0bd2737df666678e467477fc187","0579bd185c343e1972e0e454c0a4bb0b1d0fd0bd2737df666678e467477fc187","upload_unique_to_staging","referenced-files/0579bd185c34_1560001-updates_only-f1d4003043f3078634713869acc2d591_4976c776.pcm","none"
"32","Design_International_Contract_Meeting_Pack_EN_2026-09-22_30bf2367.pdf","referenced-files/06aaaba0cba2_Design_International_Contract_Meeting_Pack_EN_2026-09-22_30bf2367.pdf","https://comofollowup-ngbxwvy8.manus.space/manus-storage/meeting-preparation/meeting-60001/Design_International_Contract_Meeting_Pack_EN_2026-09-22_30bf2367.pdf","166902","06aaaba0cba2c15570abe600d9b093c2b3577eeca3ef234c95874e82fe89cfbf","06aaaba0cba2c15570abe600d9b093c2b3577eeca3ef234c95874e82fe89cfbf","upload_unique_to_staging","referenced-files/06aaaba0cba2_Design_International_Contract_Meeting_Pack_EN_2026-09-22_30bf2367.pdf","none"
"33","MajanShopingCenter-Fin-Vr1_3e5d8b39.pdf","referenced-files/06ab53ae3adf_MajanShopingCenter-Fin-Vr1_3e5d8b39.pdf","https://comofollowup-ngbxwvy8.manus.space/manus-storage/MajanShopingCenter-Fin-Vr1_3e5d8b39.pdf","3940184","06ab53ae3adf0a543d7cbbc1723fd480fafe646ec2e39bdd02c564af8a488331","06ab53ae3adf0a543d7cbbc1723fd480fafe646ec2e39bdd02c564af8a488331","upload_unique_to_staging","referenced-files/06ab53ae3adf_MajanShopingCenter-Fin-Vr1_3e5d8b39.pdf","none"
"34","Majan_Lifestyle_Centre_Initial_Design_Brief_AR_Internal_4ec4897c.pdf","referenced-files/0a8526e95c13_Majan_Lifestyle_Centre_Initial_Design_Brief_AR_Internal_4ec4897c.pdf","https://comofollowup-ngbxwvy8.manus.space/manus-storage/Majan_Lifestyle_Centre_Initial_Design_Brief_AR_Internal_4ec4897c.pdf","186975","0a8526e95c137b8049d23b5d5da85ecd451595e3b05c3522ce83b725a5bbd20e","0a8526e95c137b8049d23b5d5da85ecd451595e3b05c3522ce83b725a5bbd20e","upload_unique_to_staging","referenced-files/0a8526e95c13_Majan_Lifestyle_Centre_Initial_Design_Brief_AR_Internal_4ec4897c.pdf","none"
"35","Design_International_Meeting_Speaking_Sheet_AR_ef2f5bbc.md","referenced-files/0c6ccbc4233f_Design_International_Meeting_Speaking_Sheet_AR_ef2f5bbc.md","https://comofollowup-ngbxwvy8.manus.space/manus-storage/Design_International_Meeting_Speaking_Sheet_AR_ef2f5bbc.md","6023","0c6ccbc4233f425a7e1f6300e21b1dd6cd0ccfdc02440c01f897b87bec4e8695","0c6ccbc4233f425a7e1f6300e21b1dd6cd0ccfdc02440c01f897b87bec4e8695","upload_unique_to_staging","referenced-files/0c6ccbc4233f_Design_International_Meeting_Speaking_Sheet_AR_ef2f5bbc.md","none"
"36","3120001-updates_only-940e7eaf4c758ab9366d29f39f5e35c4_6d6caf6b.pcm","referenced-files/0df5c55d6f79_3120001-updates_only-940e7eaf4c758ab9366d29f39f5e35c4_6d6caf6b.pcm","https://comofollowup-ngbxwvy8.manus.space/manus-storage/sara-briefings/3120001-updates_only-940e7eaf4c758ab9366d29f39f5e35c4_6d6caf6b.pcm","3107388","0df5c55d6f795cd338bfedb45b159ab15308a722db9d2e25a538f44ea8d16926","0df5c55d6f795cd338bfedb45b159ab15308a722db9d2e25a538f44ea8d16926","upload_unique_to_staging","referenced-files/0df5c55d6f79_3120001-updates_only-940e7eaf4c758ab9366d29f39f5e35c4_6d6caf6b.pcm","none"
"37","3750001-updates_only-d46ced6497948afda642e3a596693876_fc3b0083.pcm","referenced-files/12810a1972e2_3750001-updates_only-d46ced6497948afda642e3a596693876_fc3b0083.pcm","https://comofollowup-ngbxwvy8.manus.space/manus-storage/sara-briefings/3750001-updates_only-d46ced6497948afda642e3a596693876_fc3b0083.pcm","6223690","12810a1972e2f684ee833a2a16cee56e62f5d6788a26d6d96ec0500716c3b26f","12810a1972e2f684ee833a2a16cee56e62f5d6788a26d6d96ec0500716c3b26f","upload_unique_to_staging","referenced-files/12810a1972e2_3750001-updates_only-d46ced6497948afda642e3a596693876_fc3b0083.pcm","none"
"38","Design_International_Colliers_Meeting_Brief_AR_EN_1b170dfc.md","referenced-files/15c4733e7c16_Design_International_Colliers_Meeting_Brief_AR_EN_1b170dfc.md","https://comofollowup-ngbxwvy8.manus.space/manus-storage/Design_International_Colliers_Meeting_Brief_AR_EN_1b170dfc.md","22598","15c4733e7c16ca13c9a37cb7d867e0480563b629618c23f899362211f24575ef","15c4733e7c16ca13c9a37cb7d867e0480563b629618c23f899362211f24575ef","reuse_source_duplicate","local-assets/Design_International_Colliers_Meeting_Brief_AR_EN.md","none"
"39","Majan_Lifestyle_Centre_Design_Firms_with_Project_Links_cd7f0e89.pdf","referenced-files/19f2cfebb3c3_Majan_Lifestyle_Centre_Design_Firms_with_Project_Links_cd7f0e89.pdf","https://comofollowup-ngbxwvy8.manus.space/manus-storage/Majan_Lifestyle_Centre_Design_Firms_with_Project_Links_cd7f0e89.pdf","152170","19f2cfebb3c310eb21c8d5bbf5f470d17b9f62a1b77f179170c497855f7c51e8","19f2cfebb3c310eb21c8d5bbf5f470d17b9f62a1b77f179170c497855f7c51e8","upload_unique_to_staging","referenced-files/19f2cfebb3c3_Majan_Lifestyle_Centre_Design_Firms_with_Project_Links_cd7f0e89.pdf","none"
"40","Design_International_Executive_Speaking_Sheet_AR_316d6015.pdf","referenced-files/1bca0290ee71_Design_International_Executive_Speaking_Sheet_AR_316d6015.pdf","https://comofollowup-ngbxwvy8.manus.space/manus-storage/Design_International_Executive_Speaking_Sheet_AR_316d6015.pdf","158185","1bca0290ee71cb47aa21bbe7343914bd4095b58a9742a232ed00d4a8c7bdaf27","1bca0290ee71cb47aa21bbe7343914bd4095b58a9742a232ed00d4a8c7bdaf27","upload_unique_to_staging","referenced-files/1bca0290ee71_Design_International_Executive_Speaking_Sheet_AR_316d6015.pdf","none"
"41","930001-updates_only-d4fca58d221fde4f187be9ea574c06e5_75912314.pcm","referenced-files/1dec4149259a_930001-updates_only-d4fca58d221fde4f187be9ea574c06e5_75912314.pcm","https://comofollowup-ngbxwvy8.manus.space/manus-storage/sara-briefings/930001-updates_only-d4fca58d221fde4f187be9ea574c06e5_75912314.pcm","5474708","1dec4149259ad542128b4ed58569105e9d6233bfa9d721f490b00418ac2f0c62","1dec4149259ad542128b4ed58569105e9d6233bfa9d721f490b00418ac2f0c62","upload_unique_to_staging","referenced-files/1dec4149259a_930001-updates_only-d4fca58d221fde4f187be9ea574c06e5_75912314.pcm","none"
"42","MajanShopingCenter-Tech-Vr6_a7653544.pdf","referenced-files/1f35a0e5a473_MajanShopingCenter-Tech-Vr6_a7653544.pdf","https://comofollowup-ngbxwvy8.manus.space/manus-storage/MajanShopingCenter-Tech-Vr6_a7653544.pdf","165746002","1f35a0e5a473f7cba1715c3645d2b31fe85b847c08ff3b7b00a0ac95e6ebd96d","1f35a0e5a473f7cba1715c3645d2b31fe85b847c08ff3b7b00a0ac95e6ebd96d","upload_unique_to_staging","referenced-files/1f35a0e5a473_MajanShopingCenter-Tech-Vr6_a7653544.pdf","none"
"43","Architectural_Design_Proposal_Request_Majan_Lifestyle_Centre_047d5db8.docx","referenced-files/22cce1c071a6_Architectural_Design_Proposal_Request_Majan_Lifestyle_Centre_047d5db8.docx","https://comofollowup-ngbxwvy8.manus.space/manus-storage/Architectural_Design_Proposal_Request_Majan_Lifestyle_Centre_047d5db8.docx","34646","22cce1c071a6f9ba9e51e97f4087ed2ed0155e7ef9c4b7121f2e9d3592a5938b","22cce1c071a6f9ba9e51e97f4087ed2ed0155e7ef9c4b7121f2e9d3592a5938b","upload_unique_to_staging","referenced-files/22cce1c071a6_Architectural_Design_Proposal_Request_Majan_Lifestyle_Centre_047d5db8.docx","none"
"44","2700001-updates_none-e6df836bfac84781763e42eef0425179_d75127fe.pcm","referenced-files/257abf3b867e_2700001-updates_none-e6df836bfac84781763e42eef0425179_d75127fe.pcm","https://comofollowup-ngbxwvy8.manus.space/manus-storage/sara-briefings/2700001-updates_none-e6df836bfac84781763e42eef0425179_d75127fe.pcm","1103412","257abf3b867eb01cf84e39567add1bcdb7d4ae2e87094467b345ebed9d571fa7","257abf3b867eb01cf84e39567add1bcdb7d4ae2e87094467b345ebed9d571fa7","upload_unique_to_staging","referenced-files/257abf3b867e_2700001-updates_none-e6df836bfac84781763e42eef0425179_d75127fe.pcm","none"
"45","Pre-Concept Sketch_2dd89510.zip","referenced-files/2f9ac3eebf0e_Pre-Concept Sketch.zip","https://comofollowup-ngbxwvy8.manus.space/manus-storage/Pre-Concept Sketch_2dd89510.zip","2100188","2f9ac3eebf0e3c91b7b4ce20da13c7c73823d4d5880a83f7d1234379641ba62c","2f9ac3eebf0e3c91b7b4ce20da13c7c73823d4d5880a83f7d1234379641ba62c","upload_unique_to_staging","referenced-files/2f9ac3eebf0e_Pre-Concept Sketch.zip","none"
"46","Design_International_Majan_Technical_Commercial_Proposal_2026-09-18_4642332b.pdf","referenced-files/3201a952b9a2_Design_International_Majan_Technical_Commercial_Proposal_2026-09-18_4642332b.pdf","https://comofollowup-ngbxwvy8.manus.space/manus-storage/work-files/task-4/Design_International_Majan_Technical_Commercial_Proposal_2026-09-18_4642332b.pdf","2126452","3201a952b9a244bd0fd3bd283143249746acb4d88927a5c04f2879b2f5474c87","3201a952b9a244bd0fd3bd283143249746acb4d88927a5c04f2879b2f5474c87","upload_unique_to_staging","referenced-files/3201a952b9a2_Design_International_Majan_Technical_Commercial_Proposal_2026-09-18_4642332b.pdf","none"
"47","Design_International_Meeting_Speaking_Sheet_EN_cb3562ac.md","referenced-files/4c0e031f1e07_Design_International_Meeting_Speaking_Sheet_EN_cb3562ac.md","https://comofollowup-ngbxwvy8.manus.space/manus-storage/Design_International_Meeting_Speaking_Sheet_EN_cb3562ac.md","4861","4c0e031f1e0791d0b8ec0e63603350d7c4d13d649681dd9df1a3fe85bbc3f0d4","4c0e031f1e0791d0b8ec0e63603350d7c4d13d649681dd9df1a3fe85bbc3f0d4","upload_unique_to_staging","referenced-files/4c0e031f1e07_Design_International_Meeting_Speaking_Sheet_EN_cb3562ac.md","none"
"48","Sara_LiveAvatar_Smiling_1080x1920_1a8083ea.png","referenced-files/5256847d26be_Sara_LiveAvatar_Smiling_1080x1920_1a8083ea.png","https://comofollowup-ngbxwvy8.manus.space/manus-storage/Sara_LiveAvatar_Smiling_1080x1920_1a8083ea.png","4814894","5256847d26be0e0de1f8770366c27a79d51954990a4be735639e0133f18a7bee","5256847d26be0e0de1f8770366c27a79d51954990a4be735639e0133f18a7bee","reuse_source_duplicate","local-assets/sara/Sara_LiveAvatar_Smiling_1080x1920.png","none"
"49","3540001-updates_none-19a4c20165b4b19c1860f0336d5d47fc_d2e30976.pcm","referenced-files/61a6c6bb0144_3540001-updates_none-19a4c20165b4b19c1860f0336d5d47fc_d2e30976.pcm","https://comofollowup-ngbxwvy8.manus.space/manus-storage/sara-briefings/3540001-updates_none-19a4c20165b4b19c1860f0336d5d47fc_d2e30976.pcm","860438","61a6c6bb0144b8304b3dd2d135cee271b3d5d2071fb996438c7fe15472e22848","61a6c6bb0144b8304b3dd2d135cee271b3d5d2071fb996438c7fe15472e22848","upload_unique_to_staging","referenced-files/61a6c6bb0144_3540001-updates_none-19a4c20165b4b19c1860f0336d5d47fc_d2e30976.pcm","none"
"50","3750001-comprehensive-ea7736e8d78c76ddcb2b46a23ab64a27_1d4c4a61.pcm","referenced-files/65be8a6ba755_3750001-comprehensive-ea7736e8d78c76ddcb2b46a23ab64a27_1d4c4a61.pcm","https://comofollowup-ngbxwvy8.manus.space/manus-storage/sara-briefings/3750001-comprehensive-ea7736e8d78c76ddcb2b46a23ab64a27_1d4c4a61.pcm","15534706","65be8a6ba755c9c73fa702e75cc5a666da72f4a9909d113d603215a8f366cae7","65be8a6ba755c9c73fa702e75cc5a666da72f4a9909d113d603215a8f366cae7","upload_unique_to_staging","referenced-files/65be8a6ba755_3750001-comprehensive-ea7736e8d78c76ddcb2b46a23ab64a27_1d4c4a61.pcm","none"
"51","DSUAE26004_MajanRetailStudy-DraftV2-20260914_3a7a6dc1.pdf","referenced-files/6f82ed39c2ac_DSUAE26004_MajanRetailStudy-DraftV2-20260914_3a7a6dc1.pdf","https://comofollowup-ngbxwvy8.manus.space/manus-storage/DSUAE26004_MajanRetailStudy-DraftV2-20260914_3a7a6dc1.pdf","13648418","6f82ed39c2ace4536f0ef2fcb42da6c4d51574ea57e41bd669dc5c4be272cdd1","6f82ed39c2ace4536f0ef2fcb42da6c4d51574ea57e41bd669dc5c4be272cdd1","upload_unique_to_staging","referenced-files/6f82ed39c2ac_DSUAE26004_MajanRetailStudy-DraftV2-20260914_3a7a6dc1.pdf","none"
"52","sara-lebanese-yasmine-sample_0b9bba04.mp3","referenced-files/75d415511351_sara-lebanese-yasmine-sample_0b9bba04.mp3","https://comofollowup-ngbxwvy8.manus.space/manus-storage/sara-lebanese-yasmine-sample_0b9bba04.mp3","223234","75d415511351929e3ee201dd2e10e2d4005b04fc809d324308cf344f01b54c39","75d415511351929e3ee201dd2e10e2d4005b04fc809d324308cf344f01b54c39","reuse_source_duplicate","local-assets/sara/sara-lebanese-yasmine-sample.mp3","none"
"53","MDL_Final_Executive_Assessment_AR_d9d6881d.md","referenced-files/7af54c1186d7_MDL_Final_Executive_Assessment_AR_d9d6881d.md","https://comofollowup-ngbxwvy8.manus.space/manus-storage/MDL_Final_Executive_Assessment_AR_d9d6881d.md","20970","7af54c1186d7304e7d428d1de8eadbfd445a283b9cc8f5e983278098f53a5b6c","7af54c1186d7304e7d428d1de8eadbfd445a283b9cc8f5e983278098f53a5b6c","upload_unique_to_staging","referenced-files/7af54c1186d7_MDL_Final_Executive_Assessment_AR_d9d6881d.md","none"
"54","Chapman_Taylor_Majan_Commercial_Proposal_2026-09-21_6bfe2f7d.pdf","referenced-files/85332cd5f6a6_Chapman_Taylor_Majan_Commercial_Proposal_2026-09-21_6bfe2f7d.pdf","https://comofollowup-ngbxwvy8.manus.space/manus-storage/Chapman_Taylor_Majan_Commercial_Proposal_2026-09-21_6bfe2f7d.pdf","701030","85332cd5f6a6d07e6899d14505a4a1b9da9fbc87a5422da6bddd6826597d6e27","85332cd5f6a6d07e6899d14505a4a1b9da9fbc87a5422da6bddd6826597d6e27","reuse_source_duplicate","local-assets/chapman-taylor/Chapman_Taylor_Majan_Commercial_Proposal_2026-09-21.pdf","none"
"55","Design_International_Majan_Proposal_Decision_Review_AR_2026-09-21_376bf098.pdf","referenced-files/8a15c3f25af9_Design_International_Majan_Proposal_Decision_Review_AR_2026-09-21_376bf098.pdf","https://comofollowup-ngbxwvy8.manus.space/manus-storage/Design_International_Majan_Proposal_Decision_Review_AR_2026-09-21_376bf098.pdf","220905","8a15c3f25af9eb6aac165d3c02a6de4553b024b85e5233828164c1b86bf9f5ad","8a15c3f25af9eb6aac165d3c02a6de4553b024b85e5233828164c1b86bf9f5ad","upload_unique_to_staging","referenced-files/8a15c3f25af9_Design_International_Majan_Proposal_Decision_Review_AR_2026-09-21_376bf098.pdf","none"
"56","2220001-comprehensive-cbe15d7da1f2da15877752ae73281f47_59002744.pcm","referenced-files/9bb366dbdf2d_2220001-comprehensive-cbe15d7da1f2da15877752ae73281f47_59002744.pcm","https://comofollowup-ngbxwvy8.manus.space/manus-storage/sara-briefings/2220001-comprehensive-cbe15d7da1f2da15877752ae73281f47_59002744.pcm","9805880","9bb366dbdf2d6bf352def1e31cd4fadf1d6a54415ba80faaa3989251a9023ac8","9bb366dbdf2d6bf352def1e31cd4fadf1d6a54415ba80faaa3989251a9023ac8","upload_unique_to_staging","referenced-files/9bb366dbdf2d_2220001-comprehensive-cbe15d7da1f2da15877752ae73281f47_59002744.pcm","none"
"57","Majan_Design_International_vs_Artec_Scope_Matrix_EN_483d1d17.xlsx","referenced-files/9daac834faab_Majan_Design_International_vs_Artec_Scope_Matrix_EN_483d1d17.xlsx","https://comofollowup-ngbxwvy8.manus.space/manus-storage/Majan_Design_International_vs_Artec_Scope_Matrix_EN_483d1d17.xlsx","30782","9daac834faabb4173a423891c7b0ad2d2d0655a7948fd762e903dc825fcb3b31","9daac834faabb4173a423891c7b0ad2d2d0655a7948fd762e903dc825fcb3b31","upload_unique_to_staging","referenced-files/9daac834faab_Majan_Design_International_vs_Artec_Scope_Matrix_EN_483d1d17.xlsx","none"
"58","MDL_Meeting_Talking_Points_English_61d6a3f8.md","referenced-files/9de6da2f2425_MDL_Meeting_Talking_Points_English_61d6a3f8.md","https://comofollowup-ngbxwvy8.manus.space/manus-storage/MDL_Meeting_Talking_Points_English_61d6a3f8.md","11403","9de6da2f242540eb67a82a9b54422890d78aca1224d25797c5163277dfde443b","9de6da2f242540eb67a82a9b54422890d78aca1224d25797c5163277dfde443b","upload_unique_to_staging","referenced-files/9de6da2f2425_MDL_Meeting_Talking_Points_English_61d6a3f8.md","none"
"59","Majan_Lifestyle_Centre_Initial_Design_Brief_EN_Review_4e5e99f8.pdf","referenced-files/a07ed6c5d31b_Majan_Lifestyle_Centre_Initial_Design_Brief_EN_Review_4e5e99f8.pdf","https://comofollowup-ngbxwvy8.manus.space/manus-storage/Majan_Lifestyle_Centre_Initial_Design_Brief_EN_Review_4e5e99f8.pdf","144093","a07ed6c5d31bced7738fb5ee01c98261489521c9a463322f04cabb7f1a1bd37f","a07ed6c5d31bced7738fb5ee01c98261489521c9a463322f04cabb7f1a1bd37f","upload_unique_to_staging","referenced-files/a07ed6c5d31b_Majan_Lifestyle_Centre_Initial_Design_Brief_EN_Review_4e5e99f8.pdf","none"
"60","COMO_MDL_Rev04_Comparison_AR_Corrected_b9f7e771.md","referenced-files/a2f74496fccc_COMO_MDL_Rev04_Comparison_AR_Corrected_b9f7e771.md","https://comofollowup-ngbxwvy8.manus.space/manus-storage/COMO_MDL_Rev04_Comparison_AR_Corrected_b9f7e771.md","18500","a2f74496fccc03ea42987136295bfa4fbe158123bc84c8cb0450de4197237b11","a2f74496fccc03ea42987136295bfa4fbe158123bc84c8cb0450de4197237b11","reuse_source_duplicate","local-assets/COMO_MDL_Rev04_Comparison_AR_Corrected.md","none"
"61","Khatib_Alami_Majan_Independent_Proposal_Analysis_2026-09-22_81512f96.pdf","referenced-files/a6df1a8c8bbe_Khatib_Alami_Majan_Independent_Proposal_Analysis_2026-09-22_81512f96.pdf","https://comofollowup-ngbxwvy8.manus.space/manus-storage/Khatib_Alami_Majan_Independent_Proposal_Analysis_2026-09-22_81512f96.pdf","114869","a6df1a8c8bbe1bda47e9e448bfe0b4e4f2fd3a10fc27d248947911c119902b34","a6df1a8c8bbe1bda47e9e448bfe0b4e4f2fd3a10fc27d248947911c119902b34","upload_unique_to_staging","referenced-files/a6df1a8c8bbe_Khatib_Alami_Majan_Independent_Proposal_Analysis_2026-09-22_81512f96.pdf","none"
"62","3540001-comprehensive-5c39d1b3f11cdd073a8737a0e18d572d_06b18ded.pcm","referenced-files/a82d4b674d38_3540001-comprehensive-5c39d1b3f11cdd073a8737a0e18d572d_06b18ded.pcm","https://comofollowup-ngbxwvy8.manus.space/manus-storage/sara-briefings/3540001-comprehensive-5c39d1b3f11cdd073a8737a0e18d572d_06b18ded.pcm","13372464","a82d4b674d38ca29e5a38fa34be2b0c6902d856c597d1b72e2ddbaafc5ccde2c","a82d4b674d38ca29e5a38fa34be2b0c6902d856c597d1b72e2ddbaafc5ccde2c","upload_unique_to_staging","referenced-files/a82d4b674d38_3540001-comprehensive-5c39d1b3f11cdd073a8737a0e18d572d_06b18ded.pcm","none"
"63","2nd Invoice - 7314002290_f684ed6b.pdf","referenced-files/b1e383e80fd4_2nd Invoice - 7314002290.pdf","https://comofollowup-ngbxwvy8.manus.space/manus-storage/2nd Invoice - 7314002290_f684ed6b.pdf","29288","b1e383e80fd4d60bb38be7dd701678b1bc058cf11d712b0be26b9d9748747d24","b1e383e80fd4d60bb38be7dd701678b1bc058cf11d712b0be26b9d9748747d24","upload_unique_to_staging","referenced-files/b1e383e80fd4_2nd Invoice - 7314002290.pdf","none"
"64","Chapman_Taylor_Majan_Independent_Proposal_Analysis_2026-09-22_410fe081.pdf","referenced-files/b3aa481200d7_Chapman_Taylor_Majan_Independent_Proposal_Analysis_2026-09-22_410fe081.pdf","https://comofollowup-ngbxwvy8.manus.space/manus-storage/Chapman_Taylor_Majan_Independent_Proposal_Analysis_2026-09-22_410fe081.pdf","97432","b3aa481200d73d6a29c714dc492be2730d291a4f75a2644fc7e09023777a0015","b3aa481200d73d6a29c714dc492be2730d291a4f75a2644fc7e09023777a0015","upload_unique_to_staging","referenced-files/b3aa481200d7_Chapman_Taylor_Majan_Independent_Proposal_Analysis_2026-09-22_410fe081.pdf","none"
"65","3750001-updates_none-87c95729bd469a6c593165b8c02591c4_0b850113.pcm","referenced-files/b5ec48d55fd5_3750001-updates_none-87c95729bd469a6c593165b8c02591c4_0b850113.pcm","https://comofollowup-ngbxwvy8.manus.space/manus-storage/sara-briefings/3750001-updates_none-87c95729bd469a6c593165b8c02591c4_0b850113.pcm","1043226","b5ec48d55fd5b74f99638d42092342f12a988709b06c8f4d0bbccd1032d975e4","b5ec48d55fd5b74f99638d42092342f12a988709b06c8f4d0bbccd1032d975e4","upload_unique_to_staging","referenced-files/b5ec48d55fd5_3750001-updates_none-87c95729bd469a6c593165b8c02591c4_0b850113.pcm","none"
"66","MDL_Proposal_Review_Arabic_ff1c2614.md","referenced-files/ba0fb1023772_MDL_Proposal_Review_Arabic_ff1c2614.md","https://comofollowup-ngbxwvy8.manus.space/manus-storage/MDL_Proposal_Review_Arabic_ff1c2614.md","17682","ba0fb1023772511b6ce069c6f0275f7152d921e339b1e603823193c489add0d5","ba0fb1023772511b6ce069c6f0275f7152d921e339b1e603823193c489add0d5","reuse_source_duplicate","local-assets/MDL_Proposal_Review_Arabic.md","none"
"67","P260902Rev04_MDL_Revised_Fee_Proposal_COMO_Majan_RT040_605e251f.pdf","referenced-files/bc1756642b57_P260902Rev04_MDL_Revised_Fee_Proposal_COMO_Majan_RT040_605e251f.pdf","https://comofollowup-ngbxwvy8.manus.space/manus-storage/P260902Rev04_MDL_Revised_Fee_Proposal_COMO_Majan_RT040_605e251f.pdf","511717","bc1756642b573d70c6460f8c7217754ec250a04838e7b7d31db695ef5cdc9c59","bc1756642b573d70c6460f8c7217754ec250a04838e7b7d31db695ef5cdc9c59","upload_unique_to_staging","referenced-files/bc1756642b57_P260902Rev04_MDL_Revised_Fee_Proposal_COMO_Majan_RT040_605e251f.pdf","none"
"68","Design_International_Executive_Speaking_Sheet_EN_e2887c15.pdf","referenced-files/be33fcde9e86_Design_International_Executive_Speaking_Sheet_EN_e2887c15.pdf","https://comofollowup-ngbxwvy8.manus.space/manus-storage/Design_International_Executive_Speaking_Sheet_EN_e2887c15.pdf","74515","be33fcde9e860e44d9aae90aa0b260060ec920ef012ce944d1c3b1d3b19b48db","be33fcde9e860e44d9aae90aa0b260060ec920ef012ce944d1c3b1d3b19b48db","upload_unique_to_staging","referenced-files/be33fcde9e86_Design_International_Executive_Speaking_Sheet_EN_e2887c15.pdf","none"
"69","2220001-updates_none-19a4c20165b4b19c1860f0336d5d47fc_a9088358.pcm","referenced-files/c1b2dbdd7c5c_2220001-updates_none-19a4c20165b4b19c1860f0336d5d47fc_a9088358.pcm","https://comofollowup-ngbxwvy8.manus.space/manus-storage/sara-briefings/2220001-updates_none-19a4c20165b4b19c1860f0336d5d47fc_a9088358.pcm","762358","c1b2dbdd7c5ce5513c84876b9efc2f4bde0f28533197af9f2fc5b828017d45b9","c1b2dbdd7c5ce5513c84876b9efc2f4bde0f28533197af9f2fc5b828017d45b9","upload_unique_to_staging","referenced-files/c1b2dbdd7c5c_2220001-updates_none-19a4c20165b4b19c1860f0336d5d47fc_a9088358.pcm","none"
"70","3540001-updates_only-c12e3e0de01fe8483eee236a0bbfc101_2e57e1ba.pcm","referenced-files/c4256b1cc9d5_3540001-updates_only-c12e3e0de01fe8483eee236a0bbfc101_2e57e1ba.pcm","https://comofollowup-ngbxwvy8.manus.space/manus-storage/sara-briefings/3540001-updates_only-c12e3e0de01fe8483eee236a0bbfc101_2e57e1ba.pcm","5432354","c4256b1cc9d568bf3e2900f0ccefd162a7766a6bf054b5c187c580c4b69cccee","c4256b1cc9d568bf3e2900f0ccefd162a7766a6bf054b5c187c580c4b69cccee","upload_unique_to_staging","referenced-files/c4256b1cc9d5_3540001-updates_only-c12e3e0de01fe8483eee236a0bbfc101_2e57e1ba.pcm","none"
"71","Majan_Meeting_Prep_Wael_18Sept_b401016c.docx","referenced-files/c59d29e52f26_Majan_Meeting_Prep_Wael_18Sept_b401016c.docx","https://comofollowup-ngbxwvy8.manus.space/manus-storage/Majan_Meeting_Prep_Wael_18Sept_b401016c.docx","14164","c59d29e52f268998ce7437765437bf60423c816a93e477b1d8b7e4a4f51ebf6d","c59d29e52f268998ce7437765437bf60423c816a93e477b1d8b7e4a4f51ebf6d","upload_unique_to_staging","referenced-files/c59d29e52f26_Majan_Meeting_Prep_Wael_18Sept_b401016c.docx","none"
"72","COMO_MDL_Rev04_Comparison_AR_d8a4109b.md","referenced-files/c9837d2d4467_COMO_MDL_Rev04_Comparison_AR_d8a4109b.md","https://comofollowup-ngbxwvy8.manus.space/manus-storage/COMO_MDL_Rev04_Comparison_AR_d8a4109b.md","16451","c9837d2d4467fb866c8538f410689e56e490d2336bb2a8f0bbc27f72861cfa59","c9837d2d4467fb866c8538f410689e56e490d2336bb2a8f0bbc27f72861cfa59","reuse_source_duplicate","local-assets/COMO_MDL_Rev04_Comparison_AR.md","none"
"73","PPL_KK_02_0926_1232_ Fee Proposal for Consultancy Design _ Supervision Services_244b9127.pdf","referenced-files/c9f049a6d94a_PPL_KK_02_0926_1232_ Fee Proposal for Consultancy Design _ Supervision Services.pdf","https://comofollowup-ngbxwvy8.manus.space/manus-storage/PPL_KK_02_0926_1232_ Fee Proposal for Consultancy Design _ Supervision Services_244b9127.pdf","305537","c9f049a6d94a4e8ac3b088fd26b697fcc3d2a00cbb6258ba43b4fbe2df9c90ea","c9f049a6d94a4e8ac3b088fd26b697fcc3d2a00cbb6258ba43b4fbe2df9c90ea","upload_unique_to_staging","referenced-files/c9f049a6d94a_PPL_KK_02_0926_1232_ Fee Proposal for Consultancy Design _ Supervision Services.pdf","none"
"74","1560001-comprehensive-7d2e0c468d82ec788c660a3fde08d71a_1269f4b3.pcm","referenced-files/ca6802c0cef5_1560001-comprehensive-7d2e0c468d82ec788c660a3fde08d71a_1269f4b3.pcm","https://comofollowup-ngbxwvy8.manus.space/manus-storage/sara-briefings/1560001-comprehensive-7d2e0c468d82ec788c660a3fde08d71a_1269f4b3.pcm","10762170","ca6802c0cef56708f2ebd1e5adbb7dadd19be86d804cd4b754f0a3bb97849340","ca6802c0cef56708f2ebd1e5adbb7dadd19be86d804cd4b754f0a3bb97849340","upload_unique_to_staging","referenced-files/ca6802c0cef5_1560001-comprehensive-7d2e0c468d82ec788c660a3fde08d71a_1269f4b3.pcm","none"
"75","3120001-updates_none-e9578f89b3478a0f84925438f6fbef81_c9428404.pcm","referenced-files/cad497e8bae2_3120001-updates_none-e9578f89b3478a0f84925438f6fbef81_c9428404.pcm","https://comofollowup-ngbxwvy8.manus.space/manus-storage/sara-briefings/3120001-updates_none-e9578f89b3478a0f84925438f6fbef81_c9428404.pcm","818086","cad497e8bae2c8c9f833c08ab831c46bd1dc4c22eef926917ce4fe8ad396c80a","cad497e8bae2c8c9f833c08ab831c46bd1dc4c22eef926917ce4fe8ad396c80a","upload_unique_to_staging","referenced-files/cad497e8bae2_3120001-updates_none-e9578f89b3478a0f84925438f6fbef81_c9428404.pcm","none"
"76","2220001-updates_only-b0b866c5f081669c48b51718eb7fc5cc_1c44371d.pcm","referenced-files/cd485f5c6437_2220001-updates_only-b0b866c5f081669c48b51718eb7fc5cc_1c44371d.pcm","https://comofollowup-ngbxwvy8.manus.space/manus-storage/sara-briefings/2220001-updates_only-b0b866c5f081669c48b51718eb7fc5cc_1c44371d.pcm","2813144","cd485f5c6437942064249961c622b491e1e2ad63b1773c3a068a4586eb08c16c","cd485f5c6437942064249961c622b491e1e2ad63b1773c3a068a4586eb08c16c","upload_unique_to_staging","referenced-files/cd485f5c6437_2220001-updates_only-b0b866c5f081669c48b51718eb7fc5cc_1c44371d.pcm","none"
"77","Client Comments - 07092026_e5bfbb3f.xlsx","referenced-files/d85237c42278_Client Comments - 07092026.xlsx","https://comofollowup-ngbxwvy8.manus.space/manus-storage/Client Comments - 07092026_e5bfbb3f.xlsx","12891","d85237c422789310cd2bb2054096f3a5185d2be25fe9fe0e501b14aa6a4fe687","d85237c422789310cd2bb2054096f3a5185d2be25fe9fe0e501b14aa6a4fe687","upload_unique_to_staging","referenced-files/d85237c42278_Client Comments - 07092026.xlsx","none"
"78","DSUAE26004_MajanRetailStudy-DraftV2-20260824_ff3e05ce.pdf","referenced-files/d9c77b5efb1d_DSUAE26004_MajanRetailStudy-DraftV2-20260824_ff3e05ce.pdf","https://comofollowup-ngbxwvy8.manus.space/manus-storage/work-files/task-4/DSUAE26004_MajanRetailStudy-DraftV2-20260824_ff3e05ce.pdf","13226327","d9c77b5efb1df9ddb6709cf610a5456c03282e5687462dd4497e27b38087fd35","d9c77b5efb1df9ddb6709cf610a5456c03282e5687462dd4497e27b38087fd35","upload_unique_to_staging","referenced-files/d9c77b5efb1d_DSUAE26004_MajanRetailStudy-DraftV2-20260824_ff3e05ce.pdf","none"
"79","2700001-updates_only-c225e6c578d6eef50d47dd2fb417a29a_8e798755.pcm","referenced-files/de6d7a8415d0_2700001-updates_only-c225e6c578d6eef50d47dd2fb417a29a_8e798755.pcm","https://comofollowup-ngbxwvy8.manus.space/manus-storage/sara-briefings/2700001-updates_only-c225e6c578d6eef50d47dd2fb417a29a_8e798755.pcm","2463172","de6d7a8415d0cadb040c0ee0f4f1f19526cea3c5265d17b9d351a42b19cee832","de6d7a8415d0cadb040c0ee0f4f1f19526cea3c5265d17b9d351a42b19cee832","upload_unique_to_staging","referenced-files/de6d7a8415d0_2700001-updates_only-c225e6c578d6eef50d47dd2fb417a29a_8e798755.pcm","none"
"80","Majan_Lifestyle_Centre_Initial_Market_Led_Design_Brief_Review_Draft_2026-09-15_1ac85f33.md","referenced-files/e3a244255d0a_Majan_Lifestyle_Centre_Initial_Market_Led_Design_Brief_Review_Draft_2026-09-15_1ac85f33.md","https://comofollowup-ngbxwvy8.manus.space/manus-storage/Majan_Lifestyle_Centre_Initial_Market_Led_Design_Brief_Review_Draft_2026-09-15_1ac85f33.md","17223","e3a244255d0a8960e2bb076e6f042568329e8b943d13483f38effd2384d29f6f","e3a244255d0a8960e2bb076e6f042568329e8b943d13483f38effd2384d29f6f","upload_unique_to_staging","referenced-files/e3a244255d0a_Majan_Lifestyle_Centre_Initial_Market_Led_Design_Brief_Review_Draft_2026-09-15_1ac85f33.md","none"
"81","260923 A Benoy Proposal for Majan Lifestyle Centre, Dubai, United Arab Emirates_b6f0a46e.pdf","referenced-files/e466a8cf2809_260923 A Benoy Proposal for Majan Lifestyle Centre, Dubai, United Arab Emirates.pdf","https://comofollowup-ngbxwvy8.manus.space/manus-storage/260923 A Benoy Proposal for Majan Lifestyle Centre, Dubai, United Arab Emirates_b6f0a46e.pdf","6909337","e466a8cf2809327b94e305c8c47a698aa37418eed646d5ec04b5a35c4ae5f9c2","e466a8cf2809327b94e305c8c47a698aa37418eed646d5ec04b5a35c4ae5f9c2","upload_unique_to_staging","referenced-files/e466a8cf2809_260923 A Benoy Proposal for Majan Lifestyle Centre, Dubai, United Arab Emirates.pdf","none"
"82","P260903Rev01MDLFeeProposalPre-ConceptandConceptONTARIOMajanRT-040_04f88862.pdf","referenced-files/ebc10f4ba71e_P260903Rev01MDLFeeProposalPre-ConceptandConceptONTARIOMajanRT-040_04f88862.pdf","https://comofollowup-ngbxwvy8.manus.space/manus-storage/P260903Rev01MDLFeeProposalPre-ConceptandConceptONTARIOMajanRT-040_04f88862.pdf","475871","ebc10f4ba71e74323f6aa688c0bb9cad2c89f3d7fb7a96aacd4f13bd45188edf","ebc10f4ba71e74323f6aa688c0bb9cad2c89f3d7fb7a96aacd4f13bd45188edf","upload_unique_to_staging","referenced-files/ebc10f4ba71e_P260903Rev01MDLFeeProposalPre-ConceptandConceptONTARIOMajanRT-040_04f88862.pdf","none"
"83","2700001-comprehensive-53fe95d00ff47cb146028ad7b7f67cab_ccf5d6e6.pcm","referenced-files/ee6591e34b81_2700001-comprehensive-53fe95d00ff47cb146028ad7b7f67cab_ccf5d6e6.pcm","https://comofollowup-ngbxwvy8.manus.space/manus-storage/sara-briefings/2700001-comprehensive-53fe95d00ff47cb146028ad7b7f67cab_ccf5d6e6.pcm","8938754","ee6591e34b81105dea5ac9b8431402a5c8c5bc1f81749217d0fb9097b3077c92","ee6591e34b81105dea5ac9b8431402a5c8c5bc1f81749217d0fb9097b3077c92","upload_unique_to_staging","referenced-files/ee6591e34b81_2700001-comprehensive-53fe95d00ff47cb146028ad7b7f67cab_ccf5d6e6.pcm","none"
"84","MDL_Meeting_Talking_Points_Arabic_0c8a95a3.md","referenced-files/eedc6808e63e_MDL_Meeting_Talking_Points_Arabic_0c8a95a3.md","https://comofollowup-ngbxwvy8.manus.space/manus-storage/MDL_Meeting_Talking_Points_Arabic_0c8a95a3.md","15590","eedc6808e63ebdb727a83a6029bb284e9e7d41fce174a9a92002310a1fb660c2","eedc6808e63ebdb727a83a6029bb284e9e7d41fce174a9a92002310a1fb660c2","reuse_source_duplicate","local-assets/MDL_Meeting_Talking_Points_Arabic.md","none"
"85","2040001-updates_only-6dd0023951ff7f73bcf43616e389442a_4da9c785.pcm","referenced-files/f0d09740caa7_2040001-updates_only-6dd0023951ff7f73bcf43616e389442a_4da9c785.pcm","https://comofollowup-ngbxwvy8.manus.space/manus-storage/sara-briefings/2040001-updates_only-6dd0023951ff7f73bcf43616e389442a_4da9c785.pcm","3151970","f0d09740caa77add2f2c0dd1488e1e913a19719be501387b231f9cf693ab1dcf","f0d09740caa77add2f2c0dd1488e1e913a19719be501387b231f9cf693ab1dcf","upload_unique_to_staging","referenced-files/f0d09740caa7_2040001-updates_only-6dd0023951ff7f73bcf43616e389442a_4da9c785.pcm","none"
"86","REC57 (24-09-2026) COMO Real Estate Development  4 villas_cedabee0.pdf","referenced-files/f8355b30ebaf_REC57 (24-09-2026) COMO Real Estate Development  4 villas.pdf","https://comofollowup-ngbxwvy8.manus.space/manus-storage/REC57 (24-09-2026) COMO Real Estate Development  4 villas_cedabee0.pdf","1141180","f8355b30ebaf87f410edafa85e4b0bfc36b735fd8554c7587539f50009c13321","f8355b30ebaf87f410edafa85e4b0bfc36b735fd8554c7587539f50009c13321","upload_unique_to_staging","referenced-files/f8355b30ebaf_REC57 (24-09-2026) COMO Real Estate Development  4 villas.pdf","none"
"87","Chapman_Taylor_Majan_Technical_Proposal_Screen_2026-09-21_ffe8d553.pdf","referenced-files/f90606e7611e_Chapman_Taylor_Majan_Technical_Proposal_Screen_2026-09-21_ffe8d553.pdf","https://comofollowup-ngbxwvy8.manus.space/manus-storage/Chapman_Taylor_Majan_Technical_Proposal_Screen_2026-09-21_ffe8d553.pdf","19309852","f90606e7611ebd1b356ee21f22b5d20f445ded7075ffaf670188e63a86f0f811","f90606e7611ebd1b356ee21f22b5d20f445ded7075ffaf670188e63a86f0f811","reuse_source_duplicate","local-assets/chapman-taylor/Chapman_Taylor_Majan_Technical_Proposal_Screen_2026-09-21.pdf","none"
